City_ID,City,Lat,Lng,Max Temp,Humidity,Cloudiness,Wind Speed,Country,Date
0,adamstown,-25.066,-130.1015,21.74,55,12,5.83,PN,1712886345
1,port mathurin,-19.6833,63.4167,26.82,75,39,4.89,MU,1712886346
2,wailua homesteads,22.0669,-159.378,23.24,87,100,0.0,US,1712886347
3,puerto natales,-51.7236,-72.4875,2.59,90,17,2.32,CL,1712886301
4,college,64.8569,-147.8028,7.18,49,75,6.17,US,1712886338
5,punta arenas,-53.15,-70.9167,8.06,71,40,15.95,CL,1712886321
6,waitangi,-43.9535,-176.5597,18.23,91,99,5.36,NZ,1712886350
7,anna regina,7.2644,-58.5077,26.84,79,11,4.13,GY,1712886351
8,novaya igirma,57.1334,103.9112,0.49,75,100,1.36,RU,1712886352
9,grytviken,-54.2811,-36.5092,-2.02,66,6,4.49,GS,1712886353
10,edinburgh of the seven seas,-37.0676,-12.3116,18.69,93,18,7.95,SH,1712886348
11,utrik,11.2278,169.8474,26.59,73,100,8.56,MH,1712886355
12,port-aux-francais,-49.35,70.2167,5.75,87,100,5.13,TF,1712886356
13,ushuaia,-54.8,-68.3,7.81,71,0,12.86,AR,1712886251
14,poli,-3.3333,36.8,16.65,94,74,0.23,TZ,1712886357
15,bethel,41.3712,-73.414,16.05,89,100,3.6,US,1712886080
16,minas de marcona,-15.2119,-75.1103,17.23,79,100,3.51,PE,1712886359
17,avarua,-21.2078,-159.775,29.03,84,75,7.72,CK,1712886359
18,sungai raya,0.7,108.9,29.69,70,82,1.13,ID,1712886360
19,oamaru,-45.0784,170.9801,9.65,91,100,5.48,NZ,1712886317
20,hotan,37.0997,79.9269,19.67,14,29,3.0,CN,1712886362
21,timbuktu,16.7735,-3.0074,30.33,11,71,7.17,ML,1712886362
22,dalandzadgad,43.5708,104.425,13.67,30,49,9.85,MN,1712886363
23,iqaluit,63.7506,-68.5145,-5.15,79,75,5.66,CA,1712886364
24,robertsport,6.7533,-11.3686,26.95,86,100,0.97,LR,1712886365
25,whitehorse,60.7161,-135.0538,7.43,29,75,7.72,CA,1712886366
26,olonkinbyen,70.9221,-8.7187,-7.67,90,100,7.11,SJ,1712886367
27,port elizabeth,-33.918,25.5701,14.62,76,0,4.63,ZA,1712886368
28,georgetown,5.4112,100.3354,30.96,66,20,3.6,MY,1712886369
29,tolanaro,-25.0319,46.9987,23.04,88,40,5.14,MG,1712886370
30,margaret river,-33.95,115.0667,20.38,51,9,4.98,AU,1712886268
31,blackmans bay,-43.0167,147.3167,18.07,68,94,3.51,AU,1712886371
32,santa ana de yacuma,-13.75,-65.4333,27.07,82,95,1.4,BO,1712886372
33,west island,-12.1568,96.8225,27.99,78,40,4.12,CC,1712886349
34,lae,-6.7221,146.9847,30.37,67,56,3.73,PG,1712886373
35,san antonio de pale,-1.4014,5.6325,27.95,77,100,3.64,GQ,1712886346
36,badger,64.8,-147.5333,7.14,47,75,6.17,US,1712886375
37,taro,-8.3862,115.28,26.03,65,27,1.04,ID,1712886376
38,brejo,-3.6844,-42.7503,24.07,97,86,1.24,BR,1712886377
39,puerto ayora,-0.7393,-90.3518,25.86,98,83,2.24,EC,1712886377
40,bredasdorp,-34.5322,20.0403,12.65,77,37,3.14,ZA,1712886378
41,lebu,-37.6167,-73.65,10.16,94,1,1.9,CL,1712886379
42,port macquarie,-31.4333,152.9167,23.83,68,10,4.42,AU,1712886380
43,la passe,45.5549,-0.8967,11.1,93,9,3.15,FR,1712886381
44,flying fish cove,-10.4217,105.6791,28.82,78,75,4.63,CX,1712886381
45,colonia,50.9333,6.95,14.36,78,100,1.54,DE,1712886237
46,hawaiian paradise park,19.5933,-154.9731,22.73,96,100,3.09,US,1712886383
47,dunedin,-45.8742,170.5036,9.89,88,100,1.34,NZ,1712886384
48,ribeira grande,38.5167,-28.7,15.99,94,1,2.63,PT,1712886385
49,camiri,-20.05,-63.5167,17.53,97,100,0.66,BO,1712886386
50,mili,6.0815,171.735,27.25,85,100,7.15,MH,1712886386
51,nova olimpia,-14.7972,-57.2881,23.77,89,100,1.15,BR,1712886387
52,enewetak,11.3474,162.3373,26.86,80,73,8.82,MH,1712886388
53,akureyri,65.6835,-18.0878,1.96,75,100,4.12,IS,1712886165
54,aykhal,66.0,111.5,-19.5,85,15,3.12,RU,1712886389
55,qaqortoq,60.7167,-46.0333,-7.86,87,14,2.54,GL,1712886390
56,nuuk,64.1835,-51.7216,-2.66,86,40,3.09,GL,1712886240
57,nar'yan-mar,67.6713,53.087,1.73,100,100,7.6,RU,1712886392
58,san patricio,28.017,-97.5169,23.97,41,6,3.88,US,1712886393
59,hirara,24.8,125.2833,26.15,83,40,5.66,JP,1712886393
60,talnakh,69.4865,88.3972,-25.27,98,94,4.32,RU,1712886394
61,tazacorte,28.629,-17.9293,24.54,19,75,3.6,ES,1712886395
62,vilyuysk,63.7553,121.6247,-15.61,78,13,3.82,RU,1712886396
63,kem',64.9555,34.5793,1.08,89,99,5.53,RU,1712886396
64,pionerskiy,54.9508,20.2275,12.86,98,100,8.74,RU,1712886397
65,mchinji,-13.7984,32.8802,18.08,98,100,2.25,MW,1712886398
66,mahina,-17.5065,-149.489,29.87,70,75,3.6,PF,1712886399
67,mana,5.6592,-53.7767,25.48,91,97,3.94,GF,1712886400
68,tbilisskaya,45.3633,40.19,13.21,71,96,3.57,RU,1712886401
69,albany,42.6001,-73.9662,15.33,80,100,3.58,US,1712885995
70,alice springs,-23.7,133.8833,22.34,26,3,6.17,AU,1712886364
71,jiexiu,37.0244,111.9125,22.2,28,0,3.47,CN,1712886404
72,vadso,70.0744,29.7487,0.49,80,100,4.63,NO,1712886405
73,vilyuchinsk,52.9306,158.4028,8.15,96,25,1.97,RU,1712886405
74,haiku-pauwela,20.9219,-156.3051,25.14,72,20,5.66,US,1712886406
75,birobidzhan,48.8,132.95,15.21,52,48,2.13,RU,1712886407
76,papatowai,-46.5619,169.4708,9.23,67,100,2.3,NZ,1712886408
77,tofol,5.3248,163.0078,27.88,83,100,4.63,FM,1712886408
78,fale old settlement,-9.3852,-171.2468,30.16,71,41,4.11,TK,1712886409
79,astrakhan,46.3497,48.0408,9.93,100,9,2.0,RU,1712886410
80,maisi,43.0395,41.2621,7.65,93,52,1.18,GE,1712886411
81,vorgashor,67.5833,63.95,-6.15,95,100,7.32,RU,1712886412
82,basco,20.4487,121.9702,26.36,84,21,6.4,PH,1712886413
83,hadibu,12.65,54.0333,26.97,78,20,2.28,YE,1712886413
84,constantia,44.1833,28.65,16.5,75,38,3.55,RO,1712886331
85,jamestown,42.097,-79.2353,16.77,99,100,4.63,US,1712886189
86,island harbour,50.724,-1.2758,10.68,90,100,3.13,GB,1712886416
87,gadzhiyevo,69.2551,33.3362,-1.17,87,100,10.35,RU,1712886417
88,grand falls-windsor,48.9332,-55.6649,3.06,65,6,3.51,CA,1712886327
89,sarkand,45.41,79.9186,1.06,99,100,2.34,KZ,1712886418
90,baissa,7.2333,10.6333,26.14,60,90,1.12,NG,1712886419
91,noumea,-22.2763,166.4572,27.22,99,99,3.8,NC,1712886170
92,sitka,57.0531,-135.33,7.94,61,20,6.69,US,1712886421
93,bilibino,68.0546,166.4372,-7.98,72,78,1.95,RU,1712886421
94,noshiro,40.2039,140.0242,14.46,55,100,1.99,JP,1712886422
95,kharan,28.5833,65.4167,25.13,34,100,3.65,PK,1712886423
96,ibshaway,29.358,30.6814,17.4,59,0,3.58,EG,1712886424
97,nizhnevartovsk,60.9344,76.5531,-12.99,56,0,6.0,RU,1712886425
98,arraial do cabo,-22.9661,-42.0278,24.8,84,13,1.5,BR,1712886426
99,moapa valley,36.5805,-114.4703,29.19,14,0,0.75,US,1712886427
100,nogliki,51.8333,143.1667,3.52,88,17,5.36,RU,1712886428
101,mitsamiouli,-11.3847,43.2844,28.35,78,100,4.38,KM,1712886429
102,nadi,-17.8,177.4167,31.0,70,20,5.14,FJ,1712886400
103,kavieng,-2.5744,150.7967,28.69,72,70,2.71,PG,1712886430
104,melenci,45.5139,20.3172,11.65,87,10,2.86,RS,1712886431
105,thompson,55.7435,-97.8558,1.09,75,100,3.09,CA,1712886432
106,nemuro,43.3236,145.575,5.48,93,100,6.87,JP,1712886434
107,fuglafjordur,62.244,-6.814,8.26,85,47,9.73,FO,1712886435
108,burela de cabo,43.65,-7.4,12.24,86,9,1.81,ES,1712886436
109,pedernales,18.0384,-71.744,27.75,67,6,2.05,DO,1712886436
110,mawlamyinegyunn,16.3833,95.2667,32.7,42,3,2.92,MM,1712886437
111,atafu village,-8.5421,-172.5159,29.85,73,95,3.83,TK,1712886438
112,ciudad del carmen,18.6333,-91.8333,26.02,65,20,4.12,MX,1712886439
113,jieshi,22.8134,115.8257,23.44,78,12,1.56,CN,1712886440
114,kapa'a,22.0752,-159.319,23.99,87,100,0.0,US,1712886193
115,new norfolk,-42.7826,147.0587,18.72,82,100,1.34,AU,1712886441
116,kenai,60.5544,-151.2583,4.05,93,100,1.54,US,1712886442
117,jining,35.405,116.5814,22.03,57,0,4.89,CN,1712886443
118,dudinka,69.4058,86.1778,-25.42,97,48,4.65,RU,1712886444
119,st. john's,47.5649,-52.7093,2.21,81,0,7.2,CA,1712886350
120,sisimiut,66.9395,-53.6735,-5.93,89,95,2.65,GL,1712886445
121,uturoa,-16.7333,-151.4333,28.84,77,27,7.49,PF,1712886344
122,hobart,-42.8794,147.3294,17.25,68,40,5.66,AU,1712886214
123,callao,-12.0667,-77.15,25.4,78,0,4.63,PE,1712886448
124,port augusta,-32.5,137.7667,19.84,47,80,3.01,AU,1712886449
125,pingzhuang,42.0372,119.2889,25.74,21,5,7.29,CN,1712886449
126,hithadhoo,-0.6,73.0833,28.3,76,78,2.93,MV,1712886450
127,marsabit,2.3284,37.9899,20.5,79,45,3.14,KE,1712886451
128,vegreville,53.5001,-112.0518,12.3,25,100,6.17,CA,1712886403
129,rio grande,-32.035,-52.0986,20.07,62,100,6.73,BR,1712886452
130,nong chik,6.8436,101.178,30.65,62,60,5.04,TH,1712886453
131,aksaray,38.3726,34.0254,9.72,85,14,3.25,TR,1712886324
132,malpica,43.3228,-8.8105,16.1,78,5,1.57,ES,1712886455
133,birjand,32.8663,59.2211,14.26,77,75,3.09,IR,1712886455
134,sault ste. marie,46.5168,-84.3333,12.16,72,100,5.66,CA,1712886401
135,udachny,66.4167,112.4,-19.2,89,76,4.72,RU,1712886457
136,inarajan village,13.2736,144.7484,30.55,84,100,6.34,GU,1712886459
137,broome,42.2506,-75.833,17.06,93,100,8.23,US,1712886461
138,lihue,21.9789,-159.3672,23.58,86,100,0.0,US,1712886462
139,yorkton,51.2167,-102.4677,5.91,70,20,3.09,CA,1712886209
140,leninskoye,41.7589,69.3864,13.59,73,100,2.52,KZ,1712886463
141,hamilton,39.1834,-84.5333,11.97,88,100,10.29,US,1712886354
142,bridgewater,44.3835,-64.5155,4.82,86,100,5.66,CA,1712886466
143,fernandopolis,-20.2839,-50.2464,24.21,81,100,1.28,BR,1712886467
144,galliano,29.4422,-90.2992,18.89,72,0,1.54,US,1712886468
145,carnarvon,-24.8667,113.6333,24.62,48,0,4.93,AU,1712886469
146,anadyr,64.75,177.4833,-9.72,78,0,9.0,RU,1712886470
147,nova sintra,14.8667,-24.7167,22.56,77,9,5.66,CV,1712886451
148,invercargill,-46.4,168.35,10.01,80,100,2.24,NZ,1712886202
149,phalodi,27.1333,72.3667,27.39,33,0,5.42,IN,1712886472
150,gamay,12.3854,125.2979,29.35,69,59,3.12,PH,1712886473
151,labrador city,52.9463,-66.9114,2.95,75,75,5.66,CA,1712886474
152,pechora,65.1472,57.2244,1.03,98,100,9.83,RU,1712886474
153,shagonar,51.5333,92.8,3.53,77,100,0.48,RU,1712886475
154,flin flon,54.7682,-101.865,1.56,76,100,2.06,CA,1712886270
155,smithers,54.7804,-127.1743,6.18,81,40,2.57,CA,1712886306
156,tazovsky,67.4667,78.7,-18.85,86,100,8.76,RU,1712886478
157,porto novo,6.4965,2.6036,29.9,80,81,5.0,BJ,1712886479
158,ceylanpinar,36.8472,40.05,13.8,74,66,1.89,TR,1712886479
159,vila franca do campo,37.7167,-25.4333,18.27,99,90,1.63,PT,1712886480
160,yangambi,0.8102,24.4336,22.35,96,100,1.16,CD,1712886481
161,poddebice,51.8934,18.9573,12.08,68,83,3.02,PL,1712886484
162,leava,-14.3,-178.1667,29.25,78,100,6.13,WF,1712886485
163,tamanrasset,22.785,5.5228,17.95,12,0,1.54,DZ,1712886486
164,fort bragg,35.139,-79.006,22.33,88,100,8.23,US,1712886487
165,eirunepe,-6.6603,-69.8736,23.92,93,100,0.54,BR,1712886488
166,ust-nera,64.5667,143.2,-3.09,85,72,2.8,RU,1712886489
167,ratnapura,6.6828,80.3992,26.97,84,57,0.37,LK,1712886489
168,ilulissat,69.2167,-51.1,-6.99,93,100,0.0,GL,1712886491
169,'ain el turk,35.7438,-0.7693,14.38,67,0,2.06,DZ,1712886492
170,port saint john's,-31.6229,29.5448,14.92,65,4,5.76,ZA,1712886493
171,port lincoln,-34.7333,135.8667,16.09,57,34,3.74,AU,1712886494
172,hobyo,5.3505,48.5268,28.44,77,23,3.6,SO,1712886495
173,tura,25.5198,90.2201,31.2,27,1,0.54,IN,1712886496
174,charters towers,-20.1,146.2667,27.2,34,0,4.03,AU,1712886497
175,iskateley,67.6803,53.1512,1.68,100,100,7.6,RU,1712886498
176,ancud,-41.8697,-73.8203,8.67,70,0,2.74,CL,1712886399
177,codrington,-38.2667,141.9667,16.19,55,100,3.97,AU,1712886499
178,bodo,67.28,14.405,4.02,67,100,5.66,NO,1712886500
179,jaroslaw,50.0162,22.6778,8.22,83,1,1.76,PL,1712886501
180,radomsko,51.0671,19.4448,9.85,67,99,2.86,PL,1712886502
181,rio das ostras,-22.5269,-41.945,24.95,94,13,1.16,BR,1712885775
182,kourou,5.1552,-52.6478,26.03,94,53,2.55,GF,1712886504
183,kuta,-8.7233,115.1723,30.0,84,40,2.68,ID,1712886505
184,tsiombe,-25.3,45.4833,19.93,85,100,2.86,MG,1712886506
185,tarawa,1.419,172.984,31.05,74,20,2.57,KI,1712886506
186,domna,51.8971,113.1573,7.09,53,96,1.0,RU,1712886507
187,antsiranana,-12.2787,49.2917,24.59,92,24,1.99,MG,1712886508
188,tianpeng,30.9866,103.9393,21.26,58,92,1.57,CN,1712886509
189,cockburn town,21.4612,-71.1419,25.34,82,9,9.69,TC,1712886403
190,fort st. john,56.2499,-120.8529,9.94,37,100,3.6,CA,1712886481
191,vikulovo,56.8167,70.6107,0.17,76,100,7.71,RU,1712886512
192,livingston,55.9029,-3.5226,12.49,94,100,6.69,GB,1712886513
193,kuruman,-27.4524,23.4325,10.92,35,0,5.8,ZA,1712886502
194,antofagasta,-23.65,-70.4,18.6,84,64,2.23,CL,1712886296
195,ola,59.5833,151.2833,-2.93,89,36,1.05,RU,1712886517
196,mejit,10.2753,170.8646,26.68,79,100,9.08,MH,1712886517
197,pacific grove,36.6177,-121.9166,18.53,74,0,3.09,US,1712886393
198,prince george,53.9166,-122.753,9.05,72,100,6.69,CA,1712886276
199,batie,9.8833,-2.9167,30.41,45,100,3.02,BF,1712886520
200,xai-xai,-25.0519,33.6442,20.85,71,77,5.46,MZ,1712886521
201,boende,-0.2167,20.8667,22.45,98,99,1.22,CD,1712886521
202,tiksi,71.6872,128.8694,-22.25,86,10,7.9,RU,1712886464
203,longyearbyen,78.2186,15.6401,-16.09,66,0,2.06,SJ,1712886519
204,buka,40.8108,69.1986,16.62,66,100,5.04,UZ,1712886524
205,blagodatnoye,45.3997,42.5867,9.51,71,98,2.16,RU,1712886524
206,saipan,15.1355,145.701,31.39,62,40,7.72,MP,1712886525
207,parabel',58.6978,81.4825,-10.87,81,31,1.5,RU,1712886526
208,belmonte,-15.8631,-38.8828,25.6,85,10,2.04,BR,1712886527
209,madalena,41.2162,-8.3345,18.32,87,89,1.95,PT,1712886528
210,nuku'alofa,-21.1333,-175.2,28.19,83,20,3.6,TO,1712886528
211,hooper,41.1638,-112.1224,21.4,21,0,0.0,US,1712886529
212,petropavlovsk-kamchatsky,53.0452,158.6483,7.33,27,0,1.0,RU,1712886530
213,raduzhnyy,62.0961,77.475,-12.93,86,100,6.84,RU,1712886532
214,ozalp,38.6548,43.993,1.86,89,100,2.25,TR,1712886532
215,lompoc,34.6391,-120.4579,24.08,67,0,3.09,US,1712886533
216,palmer,42.1584,-72.3287,15.48,83,100,2.06,US,1712886489
217,shelkovskaya,43.5069,46.3392,9.97,63,5,1.83,RU,1712886534
218,ghat,24.9647,10.1728,21.56,28,6,5.49,LY,1712886535
219,zomba,-15.386,35.3188,17.52,97,98,0.99,MW,1712886536
220,saudarkrokur,65.7461,-19.6394,0.1,94,100,3.42,IS,1712886537
221,bardai,11.65,7.2333,27.49,11,100,3.74,NG,1712886537
222,fedorovskiy,45.0972,40.9517,12.02,70,89,2.87,RU,1712886538
223,aljezur,37.3191,-8.8033,15.31,76,17,3.62,PT,1712886539
224,el fasher,13.6279,25.3494,22.25,15,95,3.44,SD,1712886540
225,kodiak,57.79,-152.4072,2.73,87,100,3.6,US,1712886541
226,dongkan,33.9997,119.8308,20.12,71,78,3.94,CN,1712886542
227,goz beida,13.95,20.55,27.28,11,100,3.42,TD,1712886542
228,eleskirt,39.8033,42.6736,1.77,90,100,1.39,TR,1712886543
229,chittur,10.7,76.75,28.75,72,37,2.9,IN,1712886544
230,isafjordur,66.0755,-23.124,-3.36,93,100,12.56,IS,1712886509
231,tabou,4.423,-7.3528,25.86,90,100,2.5,CI,1712886546
232,bengkulu,-3.8004,102.2655,25.78,91,100,1.42,ID,1712886546
233,taoudenni,22.6783,-3.9836,26.28,11,0,7.29,ML,1712886547
234,lorengau,-2.0226,147.2712,28.52,75,97,1.93,PG,1712886548
235,mangrol,21.1167,70.1167,24.71,83,4,2.71,IN,1712886549
236,yaya,56.206,86.44,-5.73,78,100,4.16,RU,1712886549
237,issenye,-2.0,34.3333,17.0,97,28,1.48,TZ,1712886550
238,ballina,-28.8667,153.5667,23.21,70,92,5.81,AU,1712886551
239,ormara,25.2088,64.6357,25.74,81,5,0.58,PK,1712886552
240,prado,-17.3411,-39.2208,25.6,85,4,2.55,BR,1712886552
241,cabo san lucas,22.8909,-109.9124,25.17,53,75,3.09,MX,1712886085
242,mersa matruh,31.3525,27.2453,15.11,82,75,2.06,EG,1712886554
243,buique,-8.6231,-37.1558,19.53,95,3,1.92,BR,1712886555
244,alghero,40.5589,8.3181,8.05,100,0,0.51,IT,1712886555
245,bumba,2.1833,22.4667,24.75,74,100,1.33,CD,1712886556
246,ingeniero jacobacci,-41.3427,-69.5448,5.16,77,96,6.18,AR,1712886557
247,sayat,38.7839,63.8803,16.93,49,92,5.48,TM,1712886558
248,ghormach,35.7306,63.7826,16.4,77,96,4.22,AF,1712886559
249,papao,-17.75,-149.55,29.82,85,100,9.58,PF,1712886560
250,tres lagoas,-20.7511,-51.6783,26.53,69,100,1.07,BR,1712886561
251,bozdar wada,27.1828,68.636,29.06,14,72,1.94,PK,1712886562
252,newman,37.3138,-121.0208,29.13,56,0,2.38,US,1712886562
253,tame,6.461,-71.73,28.39,42,26,2.34,CO,1712886498
254,north bend,43.4065,-124.2243,12.36,82,0,3.09,US,1712886564
255,port alfred,-33.5906,26.891,13.99,81,100,2.68,ZA,1712886490
256,allonnes,47.9674,0.1581,10.02,93,0,0.51,FR,1712886565
257,chonchi,-42.6128,-73.8092,8.4,73,0,0.74,CL,1712886395
258,urangan,-25.3,152.9,25.67,71,0,4.92,AU,1712886567
259,ado-ekiti,7.621,5.2215,23.87,89,100,2.77,NG,1712886568
260,malvan,16.0667,73.4667,26.99,58,18,3.61,IN,1712886569
261,ji'an,27.1172,114.9793,20.13,92,100,0.83,CN,1712886569
262,tottori,35.5,134.2333,18.04,59,20,2.06,JP,1712886403
263,pisco,-13.7,-76.2167,22.03,83,0,7.72,PE,1712886571
264,laela,-8.5667,32.05,16.54,97,100,1.34,TZ,1712886572
265,howard springs,-12.497,131.047,28.95,69,100,3.15,AU,1712886573
266,luau,-10.7073,22.2247,18.41,98,96,1.42,AO,1712886574
267,atasu,48.6814,71.6433,0.54,67,11,4.64,KZ,1712886574
268,zapolyarnyy,69.4154,30.8136,-0.4,92,100,7.28,RU,1712886575
269,nenjiang,49.1833,125.2167,15.3,61,100,9.29,CN,1712886576
270,kruisfontein,-34.0033,24.7314,13.27,72,3,3.58,ZA,1712886531
271,tan-tan,28.438,-11.1032,21.73,41,0,3.61,MA,1712886577
272,east london,-33.0153,27.9116,15.49,66,76,6.41,ZA,1712886540
273,sinan,34.8262,126.1086,19.06,90,86,1.28,KR,1712886579
274,amboasary,-25.0333,46.3833,20.04,92,99,2.31,MG,1712886580
275,kattivakkam,13.2167,80.3167,30.07,68,100,4.61,IN,1712886581
276,okhotsk,59.3833,143.3,-1.53,93,60,0.82,RU,1712886581
277,shenjiamen,29.9576,122.298,14.35,98,100,2.88,CN,1712886582
278,bafia,4.75,11.2333,20.96,97,100,0.66,CM,1712886584
279,masoko,-9.3333,33.75,19.91,97,100,0.24,TZ,1712886585
280,kingston,17.997,-76.7936,28.53,74,20,6.17,JM,1712886365
281,joshimath,30.5667,79.5667,10.21,39,9,2.92,IN,1712886586
282,yellowknife,62.456,-114.3525,3.29,60,20,6.17,CA,1712886344
283,jebrail,39.3992,47.0283,10.37,68,100,3.36,AZ,1712886587
284,videm pri ptuju,46.3686,15.9064,9.62,82,38,0.86,SI,1712886588
285,keflavik,64.0049,-22.5624,3.95,100,75,5.66,IS,1712886548
286,el nido,11.1858,119.3956,29.45,67,38,3.48,PH,1712886590
287,tosagua,-0.7833,-80.25,25.7,84,83,1.1,EC,1712886591
288,conduaga,8.862,117.4893,31.92,52,67,3.47,PH,1712886592
289,preobrazheniye,42.9019,133.9064,12.85,67,0,2.89,RU,1712886592
290,broni,45.0655,9.2623,14.16,87,6,1.17,IT,1712886593
291,nanyamba,-10.6833,39.8333,22.56,99,100,1.67,TZ,1712886594
292,cole harbour,44.6724,-63.4751,3.99,83,100,2.68,CA,1712886595
293,caconda,-13.7333,15.0667,16.71,95,100,0.21,AO,1712886596
294,rudnya,54.947,31.0934,9.48,64,100,5.9,RU,1712886596
295,sinabang,2.4803,96.3801,28.71,76,63,1.46,ID,1712886598
296,la sarre,48.8002,-79.1996,7.25,93,100,4.05,CA,1712886599
297,geraldton,-28.7667,114.6,25.23,50,5,6.69,AU,1712886599
298,quelimane,-17.8786,36.8883,23.64,85,95,3.33,MZ,1712886600
299,rongelap,11.1635,166.8941,26.78,76,100,8.66,MH,1712886601
300,kuressaare,58.2481,22.5039,8.9,94,0,5.14,EE,1712886602
301,puerto armuelles,8.2833,-82.8667,30.09,71,98,1.34,PA,1712886606
302,krasnotur'insk,59.7666,60.2086,4.3,88,67,3.86,RU,1712886607
303,strezhevoy,60.7333,77.5889,-13.65,83,94,5.46,RU,1712886608
304,gimbi,9.1667,35.8333,16.87,32,50,1.48,ET,1712886606
305,stanley,54.868,-1.6985,11.55,87,75,6.17,GB,1712886452
306,hermanus,-34.4187,19.2345,12.67,77,86,6.41,ZA,1712886610
307,zhalantun,48.0,122.7167,19.31,32,87,3.39,CN,1712886611
308,asau,46.4333,26.4,12.27,84,77,1.49,RO,1712886612
309,tshikapa,-6.4167,20.8,22.74,91,100,1.03,CD,1712886613
310,el granada,37.5027,-122.4694,21.88,76,0,10.29,US,1712886575
311,edmundston,47.3737,-68.3251,5.42,87,100,6.69,CA,1712886614
312,tuy hoa,13.0833,109.3,30.08,64,99,2.89,VN,1712886615
313,karratha,-20.7377,116.8463,29.64,53,0,4.1,AU,1712886616
314,sao vicente,-23.9631,-46.3919,25.71,59,100,0.45,BR,1712886617
315,khandyga,62.6667,135.6,0.32,96,100,4.39,RU,1712886618
316,nyurba,63.2842,118.3319,-15.04,84,88,2.45,RU,1712886618
317,washougal,45.5826,-122.3534,14.79,62,100,3.58,US,1712886563
318,anse-bertrand,16.4721,-61.5078,24.97,100,2,7.87,GP,1712886620
319,marivan,35.5219,46.176,8.01,78,30,3.34,IR,1712886621
320,sosnogorsk,63.6023,53.8817,4.19,99,100,7.15,RU,1712886622
321,kerikeri,-35.2268,173.9474,24.39,71,0,3.78,NZ,1712886623
322,penonome,8.5167,-80.3667,27.22,80,76,3.58,PA,1712886624
323,la ronge,55.1001,-105.2842,4.12,70,20,2.57,CA,1712886598
324,mitu,1.1983,-70.1733,22.68,96,100,1.17,CO,1712886542
325,port hedland,-20.3167,118.5667,31.03,27,0,4.63,AU,1712886455
326,coronel suarez,-37.4547,-61.9334,8.9,83,100,1.4,AR,1712886627
327,napier,-39.4833,176.9167,20.16,81,100,3.58,NZ,1712886524
328,happy valley-goose bay,53.3168,-60.3315,8.17,39,75,6.17,CA,1712886629
329,konarka,19.9,86.1167,24.22,43,100,3.41,IN,1712886630
330,aasiaat,68.7098,-52.8699,-8.13,96,99,2.61,GL,1712886524
331,puerto carreno,6.189,-67.4859,33.62,38,100,2.62,CO,1712886542
332,sakakah,29.9697,40.2064,16.76,42,0,2.32,SA,1712886634
333,turochak,52.2576,87.1224,-1.63,93,100,2.96,RU,1712886635
334,paracuru,-3.41,-39.0306,28.95,91,100,2.0,BR,1712886636
335,caorle,45.5966,12.8758,17.91,69,6,2.8,IT,1712886636
336,aurora,39.7294,-104.8319,15.12,29,20,4.12,US,1712886637
337,klyuchi,52.2667,79.1667,-1.42,55,5,2.88,RU,1712886468
338,nova vicosa,-17.8919,-39.3719,26.17,82,0,3.05,BR,1712886639
339,agadez,19.75,10.25,27.36,11,100,4.06,NE,1712886640
340,sakhnovshchyna,49.1517,35.872,17.07,73,100,3.87,UA,1712886640
341,thanh hoa,19.8,105.7667,29.26,65,100,2.82,VN,1712886641
342,oltinko'l,40.8011,72.1634,19.14,35,100,2.03,UZ,1712886642
343,ishigaki,24.3448,124.1572,28.07,78,20,5.14,JP,1712886643
344,riohacha,11.5444,-72.9072,27.69,66,19,6.57,CO,1712886644
345,kirensk,57.7853,108.1119,-2.24,82,100,2.24,RU,1712886584
346,la peca,-5.6111,-78.435,22.06,81,96,1.6,PE,1712886646
347,sarandi,-23.4436,-51.8739,25.75,69,0,3.6,BR,1712886647
348,argo,37.6333,22.7333,16.82,47,78,3.24,GR,1712886647
349,al hufuf,25.3646,49.5653,21.19,43,0,2.57,SA,1712886648
350,juan griego,11.0817,-63.9655,26.14,82,0,4.74,VE,1712886649
351,moires,35.0532,24.8744,15.98,75,0,0.45,GR,1712886650
352,walvis bay,-22.9575,14.5053,14.53,100,65,2.57,NA,1712886532
353,bel ombre,-4.6167,55.4167,28.91,74,20,3.6,SC,1712886651
354,fortuna,40.5982,-124.1573,12.18,80,100,5.14,US,1712886652
355,formosa,-26.1775,-58.1781,22.76,94,100,0.89,AR,1712885962
356,holdrege,40.4403,-99.3698,10.14,29,0,3.09,US,1712886654
357,praia da vitoria,38.7333,-27.0667,16.53,100,40,2.73,PT,1712886612
358,caluula,11.9661,50.7569,27.9,72,23,2.84,SO,1712886655
359,kisoro,-1.2854,29.685,13.93,91,28,1.52,UG,1712886656
360,holualoa,19.6228,-155.9522,26.04,82,100,3.6,US,1712886585
361,ust'-kulom,61.6864,53.6902,3.28,86,100,5.37,RU,1712886658
362,isla vista,34.4133,-119.861,25.19,66,0,1.8,US,1712886421
363,santa marta,11.2408,-74.199,31.03,68,21,6.26,CO,1712886607
364,berriane,32.8265,3.7669,12.45,62,1,7.62,DZ,1712886661
365,ilha de mocambique,-15.0342,40.7358,26.95,83,85,5.84,MZ,1712886662
366,uyuni,-20.4597,-66.825,11.68,22,17,6.65,BO,1712886663
367,kirakira,-10.4544,161.9205,30.77,63,17,3.46,SB,1712886664
368,keminmaa,65.8596,24.8228,-2.13,93,0,0.51,FI,1712886665
369,annan,54.9884,-3.2565,12.71,98,100,8.87,GB,1712886665
370,kailua-kona,19.6406,-155.9956,28.11,85,100,3.6,US,1712886523
371,halifax,44.6453,-63.5724,4.27,84,100,3.13,CA,1712885936
372,mwinilunga,-11.7358,24.4293,17.23,98,99,1.5,ZM,1712886668
373,iquique,-20.2208,-70.1431,21.02,75,78,0.69,CL,1712886461
374,makokou,0.5738,12.8642,21.81,99,100,0.84,GA,1712886670
375,severo-yeniseyskiy,60.3725,93.0408,-12.46,87,100,1.79,RU,1712886512
376,ashibetsu,43.5097,142.1856,8.45,89,100,1.29,JP,1712886672
377,egilsstadir,65.2653,-14.3948,0.95,93,100,5.14,IS,1712886673
378,ati,13.2154,18.3353,28.06,10,11,5.9,TD,1712886674
379,pemangkat,1.1667,108.9667,28.01,79,100,2.18,ID,1712886675
380,valparaiso,-33.0393,-71.6273,16.67,61,75,0.0,CL,1712886469
381,fort mcmurray,56.7268,-111.381,12.77,28,75,5.66,CA,1712886677
382,mount gambier,-37.8333,140.7667,15.59,50,100,2.84,AU,1712886540
383,vryburg,-26.9566,24.7284,10.69,36,0,2.55,ZA,1712886680
384,saldanha,-33.0117,17.9442,15.03,64,7,4.58,ZA,1712886681
385,inhambane,-23.865,35.3833,20.74,76,97,5.27,MZ,1712886682
386,mount isa,-20.7333,139.5,26.87,26,2,4.63,AU,1712886683
387,box elder,41.5005,-112.8764,13.01,50,5,3.08,US,1712886674
388,obidos,-1.9175,-55.5181,24.44,98,100,0.7,BR,1712886694
389,monte argentario,42.4345,11.1195,14.88,67,6,1.03,IT,1712886696
390,broken hill,-31.95,141.4333,17.56,43,78,4.06,AU,1712886556
391,mwene-ditu,-7.0,23.45,19.52,96,100,1.36,CD,1712886699
392,brookings,44.3114,-96.7984,9.0,60,75,8.23,US,1712886587
393,carutapera,-1.195,-46.02,25.39,95,100,1.84,BR,1712886701
394,remire-montjoly,4.9167,-52.2667,26.02,94,75,5.66,GF,1712886612
395,valdivia,-39.8142,-73.2459,9.05,79,0,1.03,CL,1712886703
396,dakhla,23.6848,-15.958,19.13,80,0,1.7,EH,1712886706
397,shaowu,27.3409,117.4831,23.41,88,92,0.36,CN,1712886708
398,ingeniero guillermo n. juarez,-23.9,-61.85,15.05,97,100,4.7,AR,1712886675
399,macae,-22.3708,-41.7869,24.86,94,0,1.54,BR,1712886710
400,sao jose da coroa grande,-8.8978,-35.1478,26.55,85,7,2.15,BR,1712886556
401,ban tak,17.0432,99.0813,31.79,42,50,1.33,TH,1712886711
402,akarsu,37.2355,41.0607,12.31,69,43,2.15,TR,1712886712
403,ujae,8.9322,165.7642,27.48,74,77,9.18,MH,1712886713
404,caleta de carquin,-11.0925,-77.6267,22.04,84,94,4.83,PE,1712886611
405,balkanabat,39.5108,54.3671,14.08,84,82,2.06,TM,1712886714
406,mariental,-24.6333,17.9667,18.57,39,13,4.84,NA,1712886715
407,touros,-5.1989,-35.4608,26.01,89,100,2.86,BR,1712886646
408,saynshand,44.8824,110.1163,13.98,30,100,2.86,MN,1712886716
409,padang,-0.9492,100.3543,30.03,71,51,1.38,ID,1712886717
410,monte carmelo,-18.7247,-47.4986,20.48,88,95,0.98,BR,1712886718
411,tongliao,43.6125,122.2653,21.39,39,53,9.28,CN,1712886719
412,dhidhdhoo,6.8833,73.1,29.24,74,98,2.71,MV,1712886720
413,mount pearl,47.5166,-52.7813,1.75,81,0,7.2,CA,1712886705
414,cadale,2.7603,46.3222,28.65,71,84,4.06,SO,1712886722
415,letlhakane,-21.4167,25.5833,16.89,73,88,6.38,BW,1712886722
416,san pedro pochutla,15.7333,-96.4667,26.76,77,100,2.02,MX,1712886723
417,liwa,24.5361,56.5656,31.01,51,75,2.06,OM,1712886724
418,selfoss,63.9331,-20.9971,2.8,97,100,2.44,IS,1712886725
419,glace bay,46.1969,-59.957,2.1,92,20,3.13,CA,1712886725
420,porto seguro,-16.4497,-39.0647,28.29,78,40,2.57,BR,1712886588
421,crane,31.3974,-102.3501,22.02,18,0,5.63,US,1712886542
422,chibougamau,49.9168,-74.3659,4.79,100,100,3.09,CA,1712886728
423,santiago de cao,-7.9589,-79.2392,22.07,78,40,5.14,PE,1712886729
424,puerto baquerizo moreno,-0.9,-89.6,25.3,88,64,3.73,EC,1712886729
425,bambanglipuro,-7.95,110.2833,28.68,77,73,2.12,ID,1712886730
426,shingu,33.7333,135.9833,17.6,66,78,4.23,JP,1712886571
427,polyarnyy,69.1989,33.4478,-1.25,88,100,10.29,RU,1712886732
428,owen sound,44.5672,-80.9435,14.53,99,100,1.95,CA,1712886732
429,poxoreo,-15.8372,-54.3892,24.56,95,100,0.83,BR,1712886447
430,igarka,67.4667,86.5833,-25.55,99,75,3.13,RU,1712886734
431,bousso,10.4795,16.7117,31.22,12,65,3.0,TD,1712886734
432,coyhaique,-45.5752,-72.0662,5.34,81,0,0.0,CL,1712886627
433,porbandar,21.6422,69.6093,24.54,83,0,1.61,IN,1712886736
434,filey,54.21,-0.2892,14.88,86,100,3.13,GB,1712886737
435,palangkaraya,-2.2,113.8333,29.86,71,100,1.39,ID,1712886737
436,westerland,54.9079,8.3033,11.12,93,100,6.69,DE,1712886738
437,afaahiti,-17.75,-149.2833,28.93,86,100,8.71,PF,1712886739
438,imbituba,-28.24,-48.6703,24.92,90,100,4.28,BR,1712886740
439,hasaki,35.7333,140.8333,17.94,82,100,4.26,JP,1712886515
440,kalmunai,7.4167,81.8167,27.91,80,100,2.15,LK,1712886742
441,al bayda',32.7627,21.7551,10.61,91,79,3.26,LY,1712886743
442,seosan,36.7817,126.4522,17.85,60,100,1.09,KR,1712886744
443,moyale,3.5167,39.0584,21.19,82,10,1.68,KE,1712886744
444,ixtapa,20.7,-105.2,22.9,82,56,0.45,MX,1712886745
445,anar darah,32.7587,61.654,18.61,63,76,2.01,AF,1712886746
446,torghay,49.6339,63.4981,3.61,62,32,2.25,KZ,1712886747
447,wenling,28.3669,121.36,17.6,93,72,2.48,CN,1712886747
448,mountain home,43.133,-115.6912,20.71,32,75,6.17,US,1712886748
449,ta`u,-14.2336,-169.5144,28.9,78,55,4.86,AS,1712886657
450,pampa del indio,-26.0647,-59.919,17.54,99,100,2.45,AR,1712886749
451,mahalapye,-23.1041,26.8142,15.58,75,35,5.44,BW,1712886750
452,kodinsk,58.6881,99.1844,-2.9,91,100,1.02,RU,1712886751
453,bireun,5.203,96.7009,28.08,71,25,1.16,ID,1712886752
454,greymouth,-42.4667,171.2,12.21,79,100,5.1,NZ,1712886752
455,eyl,7.9803,49.8164,27.67,83,100,2.1,SO,1712886753
456,siyabuswa,-25.1132,29.0445,14.41,79,2,3.71,ZA,1712886754
457,al bardiyah,31.7561,25.0865,15.02,83,88,1.96,LY,1712886640
458,orapa,-21.2833,25.3667,17.68,70,73,6.49,BW,1712886755
459,gobabis,-22.45,18.9667,16.34,41,0,4.83,NA,1712886756
460,luderitz,-26.6481,15.1594,22.71,41,0,3.41,NA,1712886757
461,forio,40.7342,13.8646,17.51,82,99,3.13,IT,1712886758
462,tunceli,39.1083,39.5471,11.69,73,84,2.63,TR,1712886758
463,willingen,51.3,8.6167,10.55,97,100,1.93,DE,1712886759
464,zuni pueblo,35.0725,-108.8506,20.35,18,0,2.02,US,1712886760
465,guerrero negro,27.9769,-114.0611,17.82,72,100,6.33,MX,1712886641
466,san luis de la loma,17.2706,-100.8939,25.45,76,3,1.25,MX,1712886761
467,larache,35.1932,-6.1557,15.33,62,16,2.73,MA,1712886762
468,wiset chaichan,14.5945,100.3382,35.16,46,28,3.56,TH,1712886763
469,canton,23.1167,113.25,25.97,57,29,2.29,CN,1712886600
470,madison,34.7334,-86.5667,13.68,94,100,8.23,US,1712886703
471,saint-pierre,-21.3393,55.4781,25.82,69,0,3.09,RE,1712886496
472,nove mesto nad vahom,48.7576,17.8309,11.86,84,2,4.12,SK,1712886766
473,las tablas,7.7667,-80.2833,26.21,99,65,1.9,PA,1712886767
474,veinticinco de mayo,-35.4323,-60.1727,10.55,93,100,2.24,AR,1712886767
475,ugoofaaru,5.6667,73.0,29.31,74,20,2.41,MV,1712886610
476,klaksvik,62.2266,-6.589,8.51,85,49,11.12,FO,1712886701
477,steinbach,50.1667,8.5667,11.12,79,0,0.51,DE,1712886770
478,katsuura,35.1333,140.3,15.06,88,100,6.61,JP,1712886770
479,tshabong,-26.05,22.45,15.82,38,0,4.01,BW,1712886771
480,bubaque,11.2833,-15.8333,24.18,70,2,7.7,GW,1712886772
481,davyd-haradok,52.0566,27.2161,7.34,69,48,2.82,BY,1712886773
482,jian'ou,27.0469,118.3253,20.34,97,100,0.19,CN,1712886773
483,nelson,-41.2833,173.2833,19.05,96,65,0.45,NZ,1712886774
484,katsuren-haebaru,26.3369,127.8719,25.01,71,20,5.66,JP,1712886775
485,saint-philippe,-21.3585,55.7679,25.77,85,70,1.39,RE,1712886776
486,lodja,-3.4833,23.4333,22.73,91,100,0.89,CD,1712886776
487,sarkisla,39.3519,36.4098,9.26,79,81,2.13,TR,1712886777
488,ripanj,44.639,20.5204,12.0,87,9,2.23,RS,1712886778
489,portland,45.5234,-122.6762,14.71,61,100,1.79,US,1712886498
490,topolobampo,25.6,-109.05,19.44,67,100,2.27,MX,1712886779
491,opuwo,-18.0607,13.84,21.05,53,52,1.2,NA,1712886780
492,nantucket,41.2835,-70.0995,10.08,99,100,8.75,US,1712886616
493,tvoroyri,61.5556,-6.8111,8.62,88,74,13.12,FO,1712886782
494,kurumkan,54.3,110.3,3.4,79,100,2.24,RU,1712886782
495,monte azul,-15.155,-42.8747,23.24,71,100,1.96,BR,1712886783
496,kuraymah,18.55,31.85,22.05,19,14,5.46,SD,1712886784
497,kaa-khem,51.6833,94.7333,1.89,74,100,2.87,RU,1712886785
498,horta,38.5333,-28.6333,15.57,94,0,0.89,PT,1712886786
499,moussoro,13.6408,16.4901,28.62,10,44,6.89,TD,1712886786
500,gryazi,52.4966,39.9359,15.9,81,89,2.68,RU,1712886787
501,zheleznogorsk-ilimskiy,56.5768,104.1217,1.14,72,100,2.01,RU,1712886788
502,yarmouth,41.7057,-70.2286,12.86,95,100,4.12,US,1712886729
503,dahab,28.501,34.5134,22.15,48,100,5.88,EG,1712886789
504,kadinhani,38.2397,32.2114,8.35,71,100,2.67,TR,1712886790
505,tadine,-21.55,167.8833,25.26,68,99,4.63,NC,1712886791
506,mogadishu,2.0371,45.3438,28.78,73,31,3.53,SO,1712886678
507,susuman,62.7833,148.1667,-8.34,81,53,1.79,RU,1712886507
508,punta del este,-34.9667,-54.95,17.71,71,75,4.02,UY,1712886793
509,harper,4.375,-7.7169,26.08,88,100,2.37,LR,1712886794
510,bowen,-20.0167,148.2333,26.25,66,7,6.87,AU,1712886795
511,nueva gerona,21.8833,-82.8,26.45,81,100,3.35,CU,1712886796
512,abra pampa,-22.7205,-65.697,12.36,69,25,3.99,AR,1712886796
513,turpan,42.9333,89.1667,21.76,23,5,1.69,CN,1712886797
514,salmas,38.1973,44.7653,6.88,81,99,1.0,IR,1712886798
515,sur,22.5667,59.5289,29.62,50,96,1.43,OM,1712886799
516,port blair,11.6667,92.75,30.02,84,20,1.03,IN,1712886525
517,conception bay south,47.4999,-52.9981,2.08,82,7,4.49,CA,1712886800
518,monywa,22.1167,95.1333,33.5,14,4,4.34,MM,1712886801
519,kidal,18.4411,1.4078,27.96,10,84,4.64,ML,1712886802
520,warwick,41.7001,-71.4162,14.94,90,100,3.6,US,1712886738
521,orcopampa,-15.2661,-72.3417,7.28,95,100,1.45,PE,1712886683
522,mazagao,-0.115,-51.2894,26.03,97,100,1.48,BR,1712886804
523,tucurui,-3.7661,-49.6725,24.68,95,100,1.05,BR,1712886805
524,puerto madero,14.7208,-92.4215,28.79,77,73,0.84,MX,1712886735
525,belpre,39.274,-81.5729,16.69,94,100,2.24,US,1712886588
526,kavarna,43.4333,28.3333,14.6,81,3,3.76,BG,1712886807
527,pokhara,28.2333,83.9833,24.9,13,5,0.44,NP,1712886131
528,benguela,-12.5763,13.4055,25.22,88,100,2.93,AO,1712886808
529,challapata,-18.9,-66.7667,9.31,85,95,0.58,BO,1712886809
530,harrismith,-28.2728,29.1295,5.35,95,1,0.47,ZA,1712886810
531,chauny,49.6151,3.2186,9.49,86,95,1.71,FR,1712886811
532,limon,10.0,-83.0333,26.7,85,99,1.24,CR,1712886577
533,lodeynoye pole,60.726,33.5531,6.46,95,100,4.96,RU,1712886812
534,plettenberg bay,-34.0527,23.3716,12.53,73,3,2.22,ZA,1712886815
535,kuhdasht,33.535,47.6061,8.74,75,3,1.97,IR,1712886816
536,idri,27.5,13.2667,19.97,18,51,6.33,LY,1712886816
537,pekanbaru,0.5333,101.45,28.18,89,0,0.0,ID,1712886689
538,dryden,49.7833,-92.7503,6.16,81,40,2.06,CA,1712886818
539,kristiansund,63.1115,7.732,10.36,57,55,4.63,NO,1712886819
540,motygino,58.1831,94.7592,-7.9,93,98,1.34,RU,1712886820
541,mega,4.05,38.3,16.68,87,22,2.83,ET,1712886821
542,de queen,34.0379,-94.3413,16.88,39,0,3.09,US,1712886822
543,balabac,7.9868,117.0645,29.86,66,78,6.11,PH,1712886822
544,tralee,52.2704,-9.7026,11.24,98,100,2.6,IE,1712886631
545,la souterraine,46.2371,1.487,12.17,97,52,1.7,FR,1712886824
546,glazunovka,52.4986,36.3275,9.28,69,44,3.26,RU,1712886825
547,heroica guaymas,27.9333,-110.9,24.14,36,100,1.61,MX,1712886826
548,moron,-34.6534,-58.6198,15.5,81,85,8.05,AR,1712886827
549,sampacho,-33.3839,-64.7221,10.35,70,100,3.87,AR,1712886828
550,cambria,35.5641,-121.0808,25.41,92,28,0.89,US,1712886829
551,shimoda,34.6667,138.95,14.2,82,100,6.48,JP,1712886830
552,sabha,27.0377,14.4283,21.22,16,19,8.46,LY,1712886830
553,taoyuan city,24.9937,121.297,27.38,85,75,3.09,TW,1712886832
554,inverloch,-38.6333,145.7167,18.36,70,100,3.31,AU,1712886833
555,rizhao,35.4275,119.4553,15.82,73,80,3.19,CN,1712886833
556,turkmenbasy,40.0222,52.9552,12.43,76,0,2.06,TM,1712886544
557,talara,-4.5772,-81.2719,24.42,73,0,6.69,PE,1712886835
558,tual,-5.6667,132.75,28.51,73,46,3.13,ID,1712886835
559,tezu,27.9167,96.1667,28.32,25,100,0.6,IN,1712886836
560,horki,54.2861,30.9842,8.25,66,100,4.58,BY,1712886837
561,montrose,38.4166,-108.2673,11.76,37,0,0.54,US,1712886838
562,harstad,68.799,16.5293,2.66,93,100,7.15,NO,1712886839
